Tamanho,Nome,Duração (ms),Iterações
10,Bubble sort,0.010399,90
10,Bubble sort melhorado,0.007294,54
10,Selection sort,0.00547,55
10,Insertion sort,0.005871,40
10,Merge sort,0.015599,41
10,Heap sort,0.01059,28
10,Quick sort,0.008626,13
100,Bubble sort,0.824672,9900
100,Bubble sort melhorado,0.526146,5049
100,Selection sort,0.305829,5050
100,Insertion sort,0.377205,2720
100,Merge sort,0.18004,749
100,Heap sort,0.168198,298
100,Quick sort,0.071596,135
